sec,SCL,SCR,TEMP,BVP,PVA,HR,MOTION
0,1.5869243353605296,0.0010000000474974,31.854000473022477,49.210012149810794,0.0,30.0,0.03915475830435756
1,1.5675069451332095,0.06483602539228736,31.87524981498719,48.42612924575806,0.0,30.0,0.0294558731839061
2,1.552209529280661,0.04464648922876223,31.886999320983865,49.409645843505864,0.0,30.0,0.08190169651061299
3,1.5386287987232177,-0.03599677975289524,31.90099964141848,53.10866918563844,0.0,30.0,0.05603800341486935
4,1.5174184381961842,-0.04287677574902773,31.91775002479549,52.778998947143556,6.901098918914791,30.0,0.037717886641621616
5,1.516998809576038,-0.027736435900442297,31.928250265121466,46.77167253494263,15.188644719123829,31.223684120178223,0.001436871849000455
6,1.5275658249854998,-0.006336770148482135,31.9300003051758,50.17704496383667,9.601342844963076,79.08312282562257,0.021553078107535855
7,1.5241325199604003,-0.003457841125782522,31.9300003051758,48.35714244842531,9.788156318664551,79.00575065612796,0.03933436684310439
8,1.5136799275875132,-0.00853261862648648,31.930750322341936,48.92307720184326,9.205738878250123,79.15493164062497,0.1542841102927922
9,1.4956358432769794,-0.022215050878003243,31.9400005340576,52.213064670562744,11.81807098388674,78.2260150909424,0.04831481538712977
10,1.476599934697151,-0.03524807901121674,31.945250654220597,49.796703052520755,10.8913307189941,76.0456237792969,0.03340727072209121
11,1.4707251578569405,-0.031016269512474513,31.9500007629395,47.57753334045411,10.8913307189941,76.0456237792969,0.033048052713274975
12,1.4737006872892375,-0.01690600214060395,31.950250720977827,50.22588529586792,10.8913307189941,75.05419235229493,0.04238771945238115
13,1.482779940962792,0.00030691271094836485,31.959999084472702,49.81196584701539,7.2203905940055835,75.86509189605712,0.02442682161927225
14,1.4838862419128425,0.005596301669720512,31.967749261856095,54.731379413604735,6.089133203029633,77.83787612915039,0.0176016801968217
15,1.4843440026044852,0.0063336251827422075,31.978249502181985,35.86630047066137,6.25152635574341,79.92893371582035,0.08621231019496914
16,1.4975432634353658,0.01593562625348568,31.982499599456776,55.84004888534546,6.25152635574341,80.2139053344727,0.024426821433007735
17,1.5009384393692042,0.013389683631248765,31.996249914169322,51.09645929336548,6.25152635574341,80.2139053344727,0.029096655547618887
18,1.4917447388172165,0.00065648924501147,32.00699882507324,49.79975557327271,37.539070630073546,79.0359136581421,0.0
19,1.4866328507661826,-0.005381461983779405,32.0099983215332,51.30219793319702,6.47130632400513,78.70024490356447,0.09034331608563662
20,1.483428463339806,-0.008905557391699362,32.011998748779305,48.83638582229615,6.47130632400513,79.3126220703125,0.040232411213219174
21,1.4797281026840212,-0.010819913120940328,32.0200004577637,50.48351621627807,6.203907108306884,82.48966236114502,0.049572079442441505
22,1.477782541513443,-0.008243786427192343,32.0200004577637,49.70512838363647,7.020146477222442,84.14935111999512,0.007184359245002275
23,1.4758369684219357,-0.006340511597227259,32.02974882125857,47.85653219223023,7.347985315322875,83.36928939819337,0.024426821433007735
24,1.4704962372779837,-0.008603145449887918,32.03700027465818,49.98229570388794,6.942002284526822,81.8828336715698,0.0
25,1.46458327770233,-0.01095989882014692,32.0400009155273,49.72344312667846,6.577533423900604,81.35872631072998,0.08567348290234801
26,1.4651173472404466,-0.006922302383463795,32.04824953079227,51.35836410522461,6.27594614028931,81.4111251831055,0.013650282658636576
27,1.4719077140092842,0.0019116522234980727,32.059001159667964,49.25640964508057,6.776556611061101,81.42494201660158,0.060887444205582154
28,1.4745017737150188,0.005062476056627888,32.06325082778929,48.705738925933844,8.22649557590485,79.42190208435053,0.02532486617565156
29,1.469618833065032,0.00039479335973736495,32.0699996948242,49.25946235656738,7.648351669311528,75.55150566101074,0.00574748739600182
30,1.4644306719303115,-0.00477120620198545,32.07750129699708,50.14652013778687,7.04029309749603,73.9823101043701,0.024786039628088494
31,1.4589373201131797,-0.009719419665634594,32.0800018310547,50.54639797210693,6.78876686096191,74.48471107482908,0.027300565689802193
32,1.4537873417139024,-0.01240619355812669,32.082501411438,49.527472400665275,6.84737491607666,74.78272705078126,0.0
33,1.4485991895198789,-0.013038325589150182,32.0900001525879,49.571428394317635,7.719780063629149,75.47598838806158,0.025863693468272702
34,1.4437162429094275,-0.01267370202112943,32.0900001525879,50.794261455535896,8.400488519668581,76.99710006713865,0.00574748739600182
35,1.4379940122365924,-0.0132479079067707,32.09099998474122,49.37484731674194,9.740537166595455,77.18524265289308,0.0337664891034365
36,1.4337214201688815,-0.01227256641723215,32.0999984741211,48.25274744033813,10.956654620170598,76.13460083007814,0.007184359245002275
37,1.4307458400726363,-0.010429093940183496,32.105249595642114,48.90170917510987,11.4407811164856,74.67891311645513,0.025504475831985497
38,1.428151807188992,-0.008660021494142668,32.11624956130985,50.75579957962036,11.293040084838886,73.70151519775388,0.02029581516981126
39,1.4290673673152967,-0.004123042050923648,32.12324962615968,51.269230651855466,10.717338204383863,78.02824306488034,0.04831481575965883
40,1.4485229045152637,0.01625547029543667,32.1300010681152,49.247863292694085,10.90354073047635,84.96977901458742,0.02442682161927225
41,1.5049439966678624,0.06475034803152084,32.13774976730343,48.72588539123536,11.6483514785767,84.73588562011719,0.0
42,1.557359540462493,0.09662847016006706,32.141999816894504,48.364468765258785,13.777777671813954,74.37391490936278,0.00574748739600182
43,1.5778832316398634,0.08913121130317449,32.1500015258789,48.95299148559571,11.467033100128152,70.29172573089599,0.0
44,1.5901669085025816,0.0701203839853406,32.153250980377194,49.733211135864266,8.349816894531248,68.4535524368286,0.0
45,1.5842539697885536,0.03364972188137471,32.1599998474121,50.417582321167,6.150793695449826,68.02050247192383,0.001436871849000455
46,1.5666676878929142,-0.004019124718251979,32.1599998474121,51.213675117492684,4.915140366554257,70.80059032440185,0.03484414257109168
47,1.5509887933731064,-0.024416436580941083,32.16524896621703,49.22039060592651,5.43101348876953,76.87264099121099,0.025504475831985497
48,1.5383236229419677,-0.03199625210836529,32.1699981689453,50.319291591644294,6.0976799964904815,81.3962194442749,0.03951397668570283
49,1.5308465689420658,-0.02937017134390772,32.17950019836427,49.794261360168456,6.76434659957886,87.17703781127929,0.0
50,1.5280999004840807,-0.0201503159943968,32.189748668670674,49.88339452743531,7.303418838977819,92.03290977478028,0.0
51,1.522301390767097,-0.015960858599282802,32.197250175476114,50.31929168701172,8.758241868019105,88.63618297576903,0.024426821433007735
52,1.5165410190820736,-0.013817177410237502,32.2000007629395,48.63980484008789,12.010989141464215,79.04766082763672,0.018679334037005915
53,1.5089495539665259,-0.015239187050610786,32.2000007629395,49.68253965377808,12.7228326797485,72.87766418457032,0.00574748739600182
54,1.4983062177896522,-0.019754121126607058,32.20899925231938,49.88278417587281,12.859584808349629,69.96701145172119,0.0
55,1.4885402947664272,-0.02238256400451063,32.21650047302246,48.865079689025876,14.412698268890356,68.7236625671387,0.01149497479200364
56,1.4795373499393465,-0.022996989637613287,32.22425050735471,50.3937731742859,14.754578590393038,68.22944774627682,0.0
57,1.4735099434852594,-0.020500364340841758,32.2299995422363,48.652625465393086,14.610500454902674,69.4769157409668,0.023708385974168793
58,1.469466245174407,-0.016191147058270867,32.23550071716308,50.122100257873534,13.583027982711798,73.48258934020997,0.01077653896063567
59,1.4618747502565363,-0.016248978162184347,32.2400016784668,49.911477375030515,13.222222232818615,80.14223594665529,0.0632223622873426
60,1.4537491887807819,-0.0171930994838476,32.2400016784668,51.967033004760744,13.01648344993591,89.62619438171389,0.00287374369800091
61,1.4454710572957956,-0.01867780033499001,32.2400016784668,48.690476131439205,15.916972351074218,94.35647430419922,0.00574748739600182
62,1.4379940360784484,-0.019196086982265093,32.2400016784668,48.7936508178711,17.379121017456054,93.84299201965332,0.03197039887309076
63,1.4327295720577289,-0.017231154767796384,32.2400016784668,48.727106285095225,18.87179422378543,87.25905017852783,0.0075435772538185175
64,1.4273125588893933,-0.0154512874316424,32.24900016784668,49.314407825469985,17.750915861129748,84.32670650482179,0.025504475645720975
65,1.4219336509704625,-0.014195891818962986,32.25974836349487,49.86691064834595,17.02075710296632,83.89145488739018,0.01149497479200364
66,1.4203314542770422,-0.010016460681799788,32.26724987030032,51.22222213745118,16.90720372200015,84.80270748138427,0.021553077735006827
67,1.4202170044183764,-0.00596798587357621,32.2700004577637,49.79670352935791,16.77167282104496,88.62513885498046,0.9319909978657946
68,1.4193777054548296,-0.0037132020457647354,32.27524957656863,47.33028087615968,21.55799713134769,90.65090103149412,0.09860533028841019
69,1.4156010687351255,-0.0050824015110264974,32.2799987792969,50.65750904083252,21.30158653259278,87.2442588806152,0.001436871849000455
70,1.4086199522018454,-0.009546726103872033,32.28650016784666,49.21367521286011,20.296091985702535,80.06728363037114,0.004310615547001365
71,1.40690326690674,-0.008550798310898207,32.2900009155273,48.74908418655396,18.448107337951672,76.71753959655761,0.0
72,1.408429241180422,-0.004501129337586422,32.29100074768063,50.50671558380127,17.48840093612669,76.17634773254396,0.01724246218800546
73,1.4038132965564745,-0.00647530527785416,32.2999992370606,49.83089122772218,17.6312580108643,77.49283885955813,0.033227660320699175
74,1.3995025455951702,-0.0074663613457232325,32.2999992370606,50.7637363433838,16.198412990570098,83.1855115890503,0.05316425822675225
75,1.3966414064168935,-0.00755803030915554,32.30925121307372,49.32051277160645,15.633089256286635,91.60026302337647,0.05064973309636119
76,1.4028214395046248,0.00038602778131463007,32.31650028228758,48.01282052993775,15.704517936706589,96.1917182922363,0.0
77,1.422658467292789,0.019297537347301864,32.3240005493164,50.91330852508546,15.956044197082559,95.97702331542966,0.028737437538802646
78,1.4372691988944986,0.028960243286564956,32.33475103378297,49.18376092910768,18.93040313720702,88.87698211669922,0.007184359245002275
79,1.4437543958425483,0.02756136907264592,32.34224977493287,48.95604391098023,21.582417869567866,76.09061050415039,0.00574748739600182
80,1.4619510471820811,0.03501383527182044,32.3499984741211,49.268009757995614,20.13919434547423,71.290638923645,0.04166928380727769
81,1.4797280788421632,0.03803034955635669,32.35324916839601,49.134310245513916,18.06776595115665,69.40380668640134,0.00574748739600182
82,1.4782784640789033,0.022966443817131237,32.36399993896488,51.66666660308838,16.605617141723606,70.226212310791,0.01724246218800546
83,1.4697332620620718,0.005873594921558811,32.3712491989136,49.0634922027588,16.281441068649276,74.15524196624753,0.0
84,1.4605014145374278,-0.008241246771649427,32.3800010681152,50.82905979156495,15.767399454116799,81.71992626190189,0.001436871849000455
85,1.4577547550201393,-0.01218136149691417,32.38550014495846,48.233211135864266,16.73748435974122,90.30244140625003,0.06537766978144649
86,1.4707632690668098,0.0026049831350974176,32.39950141906737,51.62515239715577,18.994505405426015,93.67683219909668,0.06016900688409802
87,1.4811776876449587,0.013643558789044618,32.410499763488765,49.58608112335206,24.56593456268312,82.95960540771485,0.0
88,1.4784310579299926,0.009603383392095538,32.42099838256835,47.962149143218994,23.7509159088135,78.16249599456785,0.0
89,1.4701910585165014,-0.000482929442659965,32.431500053405784,48.77228298187257,21.699633407592778,75.72724456787111,0.0
90,1.4623706817626936,-0.00994780403561889,32.439998626709,50.72771673202515,19.84249067306522,74.45098342895513,0.02298994958400728
91,1.4552369713783238,-0.01612293552607297,32.44274921417239,50.16788730621339,18.4566550254822,74.85588855743404,0.010058102943003185
92,1.4495528966188398,-0.016822290793061242,32.42100067138673,50.722222137451176,17.479853248596193,78.6906364440918,0.03484414294362071
93,1.4459288120269738,-0.013810255425050849,32.41699867248534,48.71123332977295,17.942612791061414,89.2670555114746,0.05154777802526954
94,1.4431821912527045,-0.010648455098271363,32.42899837493895,50.37973108291626,19.76984152793886,94.53392295837406,0.0287374369800091
95,1.439291056990619,-0.009569583763368385,32.4799995422363,48.54639825820924,21.418192911148058,91.85716953277588,0.012931846641004094
96,1.4342936754226696,-0.010138101852498922,32.485750770568835,48.518925476074216,21.493895006179795,82.92519283294679,0.0
97,1.4315851151943253,-0.008966024988330846,32.49975004196167,50.30280866622925,19.432234287261977,78.43790626525882,0.02227151412516834
98,1.4279992133379025,-0.0090718330815434,32.51349906921388,50.694139194488535,17.766178464889503,76.3972269058228,0.004310615547001365
99,1.4232688069343602,-0.00991742443293331,32.524249744415314,50.17582406997681,16.62515258789064,79.03179740905767,0.04633911736309532
100,1.4200644046068225,-0.009183787577785535,32.538250541686985,50.80708131790162,18.524419689178487,85.30512294769291,0.0
101,1.4191488057374986,-0.0066906819934956395,32.55450067520142,48.4090355873108,20.741147661209133,87.28974800109862,0.0
102,1.4167073905468017,-0.006198776606470308,32.56600036621092,48.8998782157898,24.249083995819074,83.49945068359375,0.02406760379672052
103,1.413197728991511,-0.006693737418390767,32.57975177764894,50.2704517364502,24.14651985168454,79.47294368743897,0.00790279507637024
104,1.409230321645739,-0.007843900006264408,32.58725061416627,48.6147744178772,22.7838821411133,78.20237350463864,0.0
105,1.403660693764688,-0.010437700711190698,32.59474935531617,51.08302803039551,20.49145298004147,79.921946144104,0.012931846641004094
106,1.400265532732011,-0.010226519615389399,32.605249595642114,50.02930393218994,19.283271503448475,85.79649047851568,0.0
107,1.396298092603684,-0.010275539080612357,32.62174968719484,50.179487037658696,19.833943843841563,92.93165740966796,0.05118855983018879
108,1.392139968276024,-0.010262927762232707,32.633250522613494,49.12210025787355,22.045177078247082,96.76622886657717,0.00574748739600182
109,1.3881725341081617,-0.00997642949223517,32.64775075912474,48.44505500793458,22.954212045669554,94.01979618072512,0.021553077735006827
110,1.384929966926574,-0.00920066717080768,32.661499595642084,48.34371175765991,21.41636061668394,88.61909866333009,0.04490224588662389
111,1.3830988407135,-0.007515369169414003,32.6719985961914,51.23443202972412,19.416971302032472,87.43651809692383,0.04759638011455539
112,1.3817255377769462,-0.005678513506427353,32.68574934005739,49.68742351531983,20.8058609008789,86.46567554473879,0.03394609764218332
113,1.3779869973659502,-0.006591453135479194,32.70275011062627,48.7161171913147,24.04395637512208,80.65683288574216,0.04975168853998188
114,1.3745155185461027,-0.007276386464945927,32.71700057983398,48.93467626571656,26.576923465728736,74.87007045745847,0.030174308829009556
115,1.3711203336715676,-0.007925352652091483,32.729000186920146,51.64529933929443,26.43956012725833,72.30694770812985,0.02981509100645783
116,1.3689840257167791,-0.007299274788238057,32.74525079727173,49.361416530609134,25.308913040161162,73.3922912597656,0.012931846827268612
117,1.3648259073495834,-0.008366580086294517,32.761499118804934,50.32234411239626,23.264957141876216,74.9850730895996,0.022271513938903826
118,1.3598284721374474,-0.009815801889635597,32.77324991226199,50.432845211029054,22.013430976867664,80.46980514526368,0.03628101497888568
119,1.35731071233749,-0.00874120686203237,32.78775014877318,50.894993782043464,23.512210369110093,87.12093601226806,0.02298994958400728
120,1.3541825354099228,-0.008508817083202258,32.80450019836428,48.447496891021736,25.89743585586546,90.0234943389893,0.00574748739600182
121,1.352732896804805,-0.006583538523409475,32.8197504043579,47.32112340927124,26.0561656951904,87.6738349914551,0.06465923320502046
122,1.3522369861602737,-0.004155756183899897,32.838500404357916,52.19597101211549,25.48046398162844,85.10389232635501,0.08190169446170326
123,1.35196995735168,-0.0024088064848910703,32.85199928283693,47.454212284088136,25.181929588317864,84.53151855468751,0.01077653896063567
124,1.3504059106111497,-0.0025803070602705225,32.867249584198035,52.11477394104005,25.595848178863545,84.96790504455569,0.03843632247298957
125,1.3475829362869312,-0.0040239958500023505,32.88425035476681,47.55677652359009,26.52136740684511,85.36607742309572,0.07094554826617244
126,1.3486510753631622,-0.0018339724774704951,32.89975080490111,58.90293035507203,23.97619075775149,85.92161464691162,0.04490224495530129
127,1.3628803282976116,0.011923711217241338,32.91524896621703,41.623321088030934,22.9548225402832,86.0832138061523,0.0946539312601089
128,1.3765755236148818,0.02186251967214046,32.931749629974384,52.7698413848877,22.9548225402832,86.0832138061523,0.05406230371445418
129,1.3827555209398261,0.0223825962282717,32.94674997329716,48.105006313323976,27.68009719848633,86.09711837768552,0.06196509879082442
130,1.3946958690881732,0.026335513126105086,32.96474981307985,48.849206352233885,38.1501829624176,82.91039943695071,0.04472263641655448
131,1.4024780929088605,0.02369798216968777,32.98575029373167,47.74603166580201,26.62759542465211,75.1233253479004,0.0
132,1.3998077481985103,0.011667460331227623,33.006999588012704,48.55189247131349,17.990232372283923,71.30992469787596,0.0
133,1.39439070224762,0.0010878574379603275,33.02574949264529,51.29914503097535,12.330280828475972,70.5585222244263,0.0
134,1.3911862522363663,-0.004770168635877739,33.045499801635756,50.72100162506104,10.819902229309047,71.98472423553463,0.03753827679902317
135,1.3874477148056026,-0.008599350519943951,33.067000293731674,50.201465225219735,10.735042810440035,76.26230087280273,0.00287374369800091
136,1.3850825667381281,-0.00828113168245177,33.08425111770631,48.758852291107175,12.089133405685384,83.2874267578125,0.018679334409534946
137,1.3824503421783438,-0.007356605096720111,33.097998809814456,51.26739902496338,13.064102530479442,87.69101009368896,0.020655032806098473
138,1.38096261024475,-0.005718283401802133,33.110749912261994,48.00488386154175,14.731990432739256,91.76912555694585,0.0
139,1.3825266391038886,-0.0018745188275715776,33.126000213623044,50.61416339874268,16.620269370079047,94.04812202453618,0.07705225124955165
140,1.3867992162704463,0.0032712607004213522,33.139999485015835,50.64041547775268,21.144688272476202,90.50577735900883,0.07453772705048321
141,1.3860744088888164,0.002381149790744495,33.150751399993894,48.96703252792359,22.4908428192139,78.5734806060791,0.030353918112814432
142,1.3831751346588126,-0.0006490957093774275,33.16449909210204,50.166666412353514,22.633699417114286,73.25789337158203,0.00933966711163521
143,1.377948853373526,-0.005783824261743517,33.1802495956421,48.2057388305664,22.8083019256592,70.60846157073976,0.01724246218800546
144,1.3724555164575556,-0.009947830089367905,33.19274921417239,49.369963645935066,22.666665792465245,69.67676486968992,0.007184359245002275
145,1.3700521707534765,-0.009635474556125673,33.20599975585942,50.8644690513611,22.982905340194684,70.1084463119507,0.020116206258535402
146,1.3665807247161839,-0.009369788877665961,33.22350053787228,48.05677633285523,22.0512828826904,72.11288604736329,0.026582129299640666
147,1.3644444078206983,-0.00767487814882766,33.23875093460082,50.17399263381959,20.793650960922214,78.04694442749025,0.02227151375263931
148,1.3610492050647698,-0.007448116608429657,33.25474920272827,49.0238094329834,20.5989009380341,86.10530376434326,0.040950848348438776
149,1.3580355465412102,-0.007395848422311205,33.26549949645998,51.05372400283814,21.63369965553282,93.57022876739501,0.010417321138083944
150,1.354792901873584,-0.007669932057615325,33.278998947143585,50.7857144355774,24.06776547431944,97.18121452331548,0.004310615547001365
151,1.3531525135040237,-0.006431313930079298,33.29325027465819,50.03235654830934,27.766787910461414,96.34455490112302,0.03304805308580401
152,1.3506729304790475,-0.006248601549304982,33.30825061798096,47.68559226989747,32.352868366241445,86.4293430328369,0.033766488544642946
153,1.3478118181228687,-0.006359317176975266,33.32475070953369,47.808913230896,31.61782560348514,77.92706565856933,0.041669284552335775
154,1.3458663225174,-0.005748420674353797,33.340750026702885,49.19352855682374,29.448107719421422,74.24968719482419,0.00574748739600182
155,1.3449888736009643,-0.0044307838077656475,33.355749702453636,51.50793676376344,25.689255094528185,73.0168315887451,0.01149497479200364
156,1.3433866500854537,-0.004080608929507398,33.36649961471561,48.80525026321412,22.49206352233886,74.79259796142576,0.029096654802560816
157,1.344950723648076,-0.00091636067008948,33.38075094223019,51.72588529586792,21.990231609344498,79.38905677795408,0.004310615547001365
158,1.3439588695764586,-0.00105717395490498,33.39450035095213,48.756410217285165,23.294871759414676,85.29677734375002,0.04723716191947462
159,1.3428525924682662,-0.0014786220715904625,33.4099998474121,51.9792428970337,24.620268678665195,89.40468006134034,0.027300565131008647
160,1.341059583425526,-0.0025871654390357025,33.425499343872076,47.13858366012575,26.53235626220705,90.39703369140625,0.01149497479200364
161,1.3378170162439385,-0.004914750211173628,33.44249935150149,50.99816856384278,26.77655677795409,89.10449409484866,0.00574748739600182
162,1.3352992534637487,-0.00588574409484858,33.46024923324589,48.706959915161136,26.40293006896972,86.7233875274658,0.00574748739600182
163,1.336558103561405,-0.0028299899247940176,33.47425050735471,50.305249977111814,25.77228384017942,85.49666805267333,0.00574748739600182
164,1.3359858989715612,-0.002071228483691765,33.484750556945784,48.57020740509034,24.548839807510358,85.85539150238037,0.024426821433007735
165,1.3359858989715612,-0.0008141949092532475,33.50074987411499,52.58485956192017,24.527472114562972,89.66093673706055,0.04059163015335801
166,1.3346888631582294,-0.00128943594027073,33.5159996032715,47.63919410705567,27.605616617202752,92.56753978729247,0.03448492437601091
167,1.3358333140611685,0.00011877402139365,33.53324956893921,47.71672773361207,30.357752990722666,89.79344635009765,0.029455873183906096
168,1.3379314899444619,0.001943744934396785,33.54400024414062,50.11355295181275,32.09279518127444,80.83641510009768,0.02873743772506716
169,1.3364055424928702,0.0002483159376424775,33.55900068283081,51.57448110580445,29.62515206336974,74.69233646392827,0.024426821805536767
170,1.3344599634408985,-0.0015826405549887175,33.57525081634522,49.79548215866089,28.448107719421397,73.04112319946292,0.0
171,1.3322473764419587,-0.0034144844335969177,33.59149990081788,47.70451755523682,27.628204536437984,72.62719287872315,0.00574748739600182
172,1.3285470038652447,-0.00619315347867082,33.61250000000003,50.94993925094606,26.521368074417104,74.13711605072021,0.0
173,1.3250373601913474,-0.007626875210553362,33.62725028991698,48.644688606262214,23.0653240680695,77.07154426574708,0.06106705367565157
174,1.32297742366791,-0.00695040228310968,33.64550018310545,51.02136735916138,20.19535980224612,83.69364910125735,0.03664023261517289
175,1.321985524892809,-0.0053931749949696975,33.66474905014037,50.943223094940194,21.725273990631063,92.64612045288087,0.0
176,1.3219473749399204,-0.0030712989071616523,33.6807496070862,50.05494537353516,23.641025257110577,97.22388954162602,0.027300565131008647
177,1.3237022161483787,0.00018144675486838,33.701750087738084,48.08119640350343,27.181318426132236,91.02937526702883,0.023349168151617066
178,1.32511365413666,0.0020515566808171127,33.71675043106079,48.26617803573608,27.58974342346196,77.17395992279054,0.03843632247298959
179,1.3235114604234717,0.0002464574034093,33.7340003967285,49.51098899841309,22.340659523010274,72.22279014587407,0.06286314222961668
180,1.3196585178375262,-0.00336906570009882,33.74925012588501,49.73443222045899,18.34188060760501,70.11061019897463,0.004310615547001365
181,1.31839966773987,-0.004046991898212542,33.765249443054216,51.01037874221802,17.311966180801363,69.7703086853027,0.0
182,1.31839966773987,-0.0031599839567206397,33.77599945068362,48.9169719696045,15.711843872070318,72.70789184570312,0.012931846641004094
183,1.31839966773987,-0.00193601108039725,33.7927502632141,50.92368717193604,13.478632688522364,79.17806491851806,0.02442682161927225
184,1.3170644193887724,-0.0019026913854758801,33.803750038147,49.84676446914674,13.460317134857169,88.24568634033206,0.03915475793182853
185,1.3154622286558164,-0.0024756404745857725,33.81450061798094,51.62881536483765,16.5738713264465,93.2781211853027,0.01724246218800546
186,1.3128681182861337,-0.0041498638282063925,33.828251457214364,49.80586109161378,22.112332344055197,90.2273368835449,0.012931846641004094
187,1.310388511419297,-0.0052928734454325875,33.841749858856204,48.09096479415895,26.2515258789063,78.56948261260987,0.014727936685085308
188,1.3071840554475789,-0.006551833811681668,33.85624980926516,48.2075701713562,27.20390663146974,74.44464111328122,0.03951397612690928
189,1.3047807216644287,-0.006556812906637741,33.867249584198035,50.72527456283571,27.985347652435337,73.62528152465819,0.03071313612163068
190,1.3034837245941162,-0.0054392882855608575,33.8800010681152,49.968864631652835,25.223443222045923,73.90413589477535,0.00574748739600182
191,1.300927776098251,-0.0055972454254515054,33.88774976730343,47.874236583709724,21.60317459106445,76.17157135009762,0.01149497479200364
192,1.30008852481842,-0.0041335094312671145,33.89875125885008,50.31623935699464,16.108058452606194,82.32588024139406,0.0
193,1.30008852481842,-0.0024323361198184627,33.91199951171874,51.54090328216554,15.635531353950464,90.30543823242184,0.00287374369800091
194,1.2987151265144339,-0.0025359852035762302,33.92674961090089,49.18681325912476,17.219780731201148,93.28609924316406,0.05136816911399368
195,1.2980666160583487,-0.0020079340087249477,33.93724908828737,48.94688682556152,18.84981689453124,90.94039611816407,0.009698885120451457
196,1.2993636757135385,3.1720042170484974e-05,33.947750282287636,49.5805859565735,18.69108686447144,86.32208042144777,0.0492128608748317
197,1.2987151265144339,-0.00042336952246838,33.96024980545047,50.14896202087403,16.835164642334,84.77007446289066,0.016524026542902005
198,1.3006988704204554,0.0017345789077808048,33.975750255584686,49.94688644409181,15.612942314147919,87.8813829421997,0.0
199,1.3042848110198975,0.004634782258653965,33.98675088882445,49.13003654479981,16.211843395233128,92.61188449859615,0.007184359245002275
200,1.3021485239267347,0.001424567057983915,34.00374937057495,48.31318664550782,14.676434516906749,94.6381645202637,0.0
201,1.2989059031009667,-0.0021888060146010926,34.01449928283692,51.438949775695804,12.311355018615748,95.62203598022465,0.025863693468272702
202,1.2946714639663686,-0.005940776789793703,34.02524957656863,48.784493160247806,13.699633598327631,97.0767646789551,0.0
203,1.2925733327865587,-0.006810938718263016,34.03575000762938,51.35042724609375,15.610500240325905,94.44624900817874,0.024426821805536767
204,1.2927640587091431,-0.004615135269705167,34.04624986648561,50.16544561386109,19.7802200317383,81.56853237152099,0.042567328363657016
205,1.290475130081175,-0.00449989635962989,34.05675067901612,48.77777786254883,20.25763168334962,76.45976142883302,0.008621231280267245
206,1.288300743699072,-0.004459760163444985,34.06100120544432,48.31257658004761,20.827228546142585,74.82049865722654,0.0
207,1.2850199937820412,-0.005732344451826023,34.0699996948242,50.6941390991211,19.308913993835432,75.56427230834963,0.02155307829380037
208,1.2825785309076285,-0.00626591371837999,34.075500869750975,48.69902334213257,18.01709442138676,80.40999908447264,0.0
209,1.282769280672071,-0.004024673346430018,34.08600082397462,49.1855920791626,16.862637329101567,87.37148056030273,0.027300565503537676
210,1.281929981708524,-0.00298441649356387,34.096749019622806,52.77045192718506,16.793040275573713,94.12747135162358,0.05639722049236302
211,1.283761143684385,0.00017280691797624885,34.0999984741211,49.322954940795896,19.62454247474666,100.91141033172634,0.0727416375651956
212,1.2844477891921975,0.001328478539653535,34.10775012969974,49.04945058822632,23.972527503967274,101.57672786712615,0.039873193949461004
213,1.2821207463741278,-0.0009586008105543376,34.11524972915653,48.47069597244263,25.62271051406858,90.767045211792,0.059450572915375255
214,1.2798700034618349,-0.002859118144260675,34.12900085449216,48.51282062530518,21.88949890136721,82.09924869537353,0.001436871849000455
215,1.2780007123947112,-0.004082817112794102,34.133250522613494,49.852869319915776,19.109280109405525,77.87480754852292,0.0
216,1.2763603925704925,-0.00457545804092656,34.1399993896484,50.871794891357425,17.592795324325532,76.12337894439699,0.01724246218800546
217,1.274262216687199,-0.004886357439681845,34.147500991821275,48.185592079162596,16.95360183715817,76.97877159118653,0.025863693282008188
218,1.2717825710773432,-0.005245213006855875,34.152001190185544,51.543956184387206,16.351647853851336,82.0451427459717,0.05891174599528317
219,1.2705236673355063,-0.0045967681333422255,34.16224946975707,48.8553113937378,19.07203865051274,87.87046966552735,0.015805590339005006
220,1.2668614625930743,-0.006183595908805683,34.1699981689453,50.606837558746335,21.836385869979857,89.53642044067384,0.03412570655345919
221,1.2673955649137454,-0.00359900297480631,34.179750251770045,47.854700756073,21.866301107406606,88.18782482147218,0.02568408437073232
222,1.26804411411285,-0.0014365639086462976,34.1800003051758,50.93284492492676,23.98351721763614,87.4918087005615,0.015805590339005006
223,1.2693411111831625,0.00068749586207556,34.18799896240236,48.61782684326171,24.34676456451415,86.73682022094725,0.03825671281665565
224,1.2691503763198813,0.0008584306277043425,34.19850044250493,51.72039079666138,22.671550369262714,86.88436851501464,0.023708385601639764
225,1.2659077733755066,-0.0021903493618082876,34.2000007629395,48.59768018722534,23.650793075561502,87.11593055725095,0.026222911663353464
226,1.26499223709106,-0.0027823629847261626,34.209749126434374,50.44383401870728,24.579365015029914,87.19822177886962,0.010058102943003185
227,1.2617114752531093,-0.00523606214555907,34.21074924468998,48.74603176116944,24.381562709808343,87.2093048095703,0.02298994958400728
228,1.2584688663482713,-0.006688306445721487,34.2200012207031,50.58363876342774,25.32661747932431,87.09717845916747,0.016524026356637488
229,1.256408873200421,-0.0063693817239254226,34.222000885009734,48.39865703582764,28.0372405052185,85.26156997680661,0.03825671281665565
230,1.254463315010075,-0.005810863635269883,34.2299995422363,50.74664239883424,27.774724864959733,84.13374462127686,0.015805590339005006
231,1.2538911104202313,-0.004217410064302335,34.239501571655275,49.09645900726319,27.90842523574826,86.00789794921874,0.038795540668070345
232,1.2520218431949655,-0.0038581674991291478,34.25,49.3308913230896,29.499389886856072,87.3979766845703,0.010058102943003185
233,1.25431072711945,-0.0003209693091008151,34.2574987411499,47.998168563842775,27.345543670654337,88.19776763916016,0.034664533287286775
234,1.2534714937210125,-0.0004457644092326372,34.26499938964845,50.46275968551636,25.433455085754392,88.83500690460207,0.0
235,1.251716649532322,-0.0016876226392923352,34.27849903106692,49.16300401687623,24.44566535949707,87.94805030822758,0.012931846641004094
236,1.2505722045898475,-0.002190108521608595,34.286000061035146,48.92490844726562,22.08608093261723,87.18359756469727,0.004310615547001365
237,1.2470244407653843,-0.00494895662995982,34.29025087356563,50.871183872222915,21.93040237426761,86.53807258605954,0.00574748739600182
238,1.24668109416962,-0.003966968384338492,34.30099945068364,47.791208648681646,22.685591411590607,85.79245223999024,0.02765978351235392
239,1.2453840970993075,-0.0036607027053832523,34.31175107955931,52.04029293060304,22.39804573059086,84.90802307128908,0.019397770054638396
